<application>
  <component name="UISettings">
    <option name="EDITOR_TAB_LIMIT" value="99" />
    <option name="FONT_FACE" value="Noto Sans" />
    <option name="HIDE_TABS_IF_NEED" value="false" />
    <option name="MAX_LOOKUP_WIDTH2" value="1000" />
    <option name="OVERRIDE_NONIDEA_LAF_FONTS" value="true" />
    <option name="SCROLL_TAB_LAYOUT_IN_EDITOR" value="false" />
    <option name="SHOW_CLOSE_BUTTON" value="false" />
    <option name="SORT_LOOKUP_ELEMENTS_LEXICOGRAPHICALLY" value="true" />
  </component>
</application>