<keymap version="1" name="ReSharper copy" parent="ReSharper">
  <action id="EditorResetFontSize">
    <mouse-shortcut keystroke="control button2" />
  </action>
  <action id="EvaluateExpression">
    <keyboard-shortcut first-keystroke="shift f9" />
    <keyboard-shortcut first-keystroke="ctrl alt q" />
  </action>
  <action id="IpnbCodeCellAction" />
  <action id="Macro.Reformat -&gt; Save">
    <keyboard-shortcut first-keystroke="shift ctrl s" />
  </action>
  <action id="SaveAll">
    <keyboard-shortcut first-keystroke="ctrl s" />
  </action>
  <action id="SaveDocument" />
</keymap>