<keymap version="1" name="Default copy" parent="$default">
  <action id="$Redo">
    <keyboard-shortcut first-keystroke="shift ctrl z" />
    <keyboard-shortcut first-keystroke="shift alt back_space" />
    <keyboard-shortcut first-keystroke="ctrl y" />
  </action>
  <action id="Editor Redo">
    <keyboard-shortcut first-keystroke="ctrl y" />
  </action>
  <action id="EditorDeleteLine" />
  <action id="EditorResetFontSize">
    <mouse-shortcut keystroke="control button2" />
  </action>
  <action id="Macro.Reformat -&gt; Save">
    <keyboard-shortcut first-keystroke="shift ctrl s" />
  </action>
  <action id="SavaAs" />
</keymap>