<application>
  <component name="ProjectJdkTable">
    <jdk version="2">
      <name value="Python 3.6 (TempPyProject)" />
      <type value="Python SDK" />
      <homePath value="C:\MyDev\TempPyProject\venv\Scripts\python.exe" />
      <roots>
        <classPath>
          <root type="composite">
            <root url="file://C:/Program Files (x86)/Microsoft Visual Studio/Shared/Python36_64/DLLs" type="simple" />
            <root url="file://C:/Program Files (x86)/Microsoft Visual Studio/Shared/Python36_64/Lib" type="simple" />
            <root url="file://C:/Program Files (x86)/Microsoft Visual Studio/Shared/Python36_64" type="simple" />
            <root url="file://C:/MyDev/TempPyProject/venv" type="simple" />
            <root url="file://C:/MyDev/TempPyProject/venv/Lib/site-packages" type="simple" />
            <root url="jar://C:/MyDev/TempPyProject/venv/Lib/site-packages/setuptools-39.0.1-py3.6.egg!/" type="simple" />
            <root url="file://C:/MyDev/TempPyProject/venv/Lib/site-packages/pip-9.0.3-py3.6.egg" type="simple" />
            <root url="file://$USER_HOME$/.PyCharm2018.1/system/python_stubs/-201308306" type="simple" />
            <root url="file://$APPLICATION_HOME_DIR$/helpers/python-skeletons" type="simple" />
            <root url="file://$APPLICATION_HOME_DIR$/helpers/typeshed/stdlib/3.6" type="simple" />
            <root url="file://$APPLICATION_HOME_DIR$/helpers/typeshed/stdlib/3.5" type="simple" />
            <root url="file://$APPLICATION_HOME_DIR$/helpers/typeshed/stdlib/3.4" type="simple" />
            <root url="file://$APPLICATION_HOME_DIR$/helpers/typeshed/stdlib/3.3" type="simple" />
            <root url="file://$APPLICATION_HOME_DIR$/helpers/typeshed/stdlib/3" type="simple" />
            <root url="file://$APPLICATION_HOME_DIR$/helpers/typeshed/stdlib/2and3" type="simple" />
            <root url="file://$APPLICATION_HOME_DIR$/helpers/typeshed/third_party/3" type="simple" />
            <root url="file://$APPLICATION_HOME_DIR$/helpers/typeshed/third_party/2and3" type="simple" />
          </root>
        </classPath>
        <sourcePath>
          <root type="composite" />
        </sourcePath>
      </roots>
      <additional ASSOCIATED_PROJECT_PATH="C:/MyDev/TempPyProject" />
    </jdk>
    <jdk version="2">
      <name value="Python 3.7 (PyCharmTest)" />
      <type value="Python SDK" />
      <version value="Python 3.7.1" />
      <homePath value="C:\MyDev\PyCharmTest\venv\Scripts\python.exe" />
      <roots>
        <classPath>
          <root type="composite">
            <root url="file://$USER_HOME$/AppData/Local/Programs/Python/Python37-32/DLLs" type="simple" />
            <root url="file://$USER_HOME$/AppData/Local/Programs/Python/Python37-32/Lib" type="simple" />
            <root url="file://$USER_HOME$/AppData/Local/Programs/Python/Python37-32" type="simple" />
            <root url="file://C:/MyDev/PyCharmTest/venv" type="simple" />
            <root url="file://C:/MyDev/PyCharmTest/venv/Lib/site-packages" type="simple" />
            <root url="jar://C:/MyDev/PyCharmTest/venv/Lib/site-packages/setuptools-39.1.0-py3.7.egg!/" type="simple" />
            <root url="file://C:/MyDev/PyCharmTest/venv/Lib/site-packages/pip-10.0.1-py3.7.egg" type="simple" />
            <root url="file://$USER_HOME$/.PyCharm2018.3/system/python_stubs/497715602" type="simple" />
            <root url="file://$APPLICATION_HOME_DIR$/helpers/python-skeletons" type="simple" />
            <root url="file://$APPLICATION_HOME_DIR$/helpers/typeshed/stdlib/3" type="simple" />
            <root url="file://$APPLICATION_HOME_DIR$/helpers/typeshed/stdlib/2and3" type="simple" />
            <root url="file://$APPLICATION_HOME_DIR$/helpers/typeshed/third_party/3" type="simple" />
            <root url="file://$APPLICATION_HOME_DIR$/helpers/typeshed/third_party/2and3" type="simple" />
          </root>
        </classPath>
        <sourcePath>
          <root type="composite" />
        </sourcePath>
      </roots>
      <additional ASSOCIATED_PROJECT_PATH="C:/MyDev/PyCharmTest" />
    </jdk>
    <jdk version="2">
      <name value="Python 3.7 (PyCharmTest3)" />
      <type value="Python SDK" />
      <version value="Python 3.7.1" />
      <homePath value="C:\MyDev\PyCharmTest3\venv\Scripts\python.exe" />
      <roots>
        <classPath>
          <root type="composite">
            <root url="file://$USER_HOME$/AppData/Local/Programs/Python/Python37-32/DLLs" type="simple" />
            <root url="file://$USER_HOME$/AppData/Local/Programs/Python/Python37-32/Lib" type="simple" />
            <root url="file://$USER_HOME$/AppData/Local/Programs/Python/Python37-32" type="simple" />
            <root url="file://C:/MyDev/PyCharmTest3/venv" type="simple" />
            <root url="file://C:/MyDev/PyCharmTest3/venv/Lib/site-packages" type="simple" />
            <root url="jar://C:/MyDev/PyCharmTest3/venv/Lib/site-packages/setuptools-39.1.0-py3.7.egg!/" type="simple" />
            <root url="file://C:/MyDev/PyCharmTest3/venv/Lib/site-packages/pip-10.0.1-py3.7.egg" type="simple" />
            <root url="file://$USER_HOME$/.PyCharm2018.3/system/python_stubs/-1105973375" type="simple" />
            <root url="file://$APPLICATION_HOME_DIR$/helpers/python-skeletons" type="simple" />
            <root url="file://$APPLICATION_HOME_DIR$/helpers/typeshed/stdlib/3" type="simple" />
            <root url="file://$APPLICATION_HOME_DIR$/helpers/typeshed/stdlib/2and3" type="simple" />
            <root url="file://$APPLICATION_HOME_DIR$/helpers/typeshed/third_party/3" type="simple" />
            <root url="file://$APPLICATION_HOME_DIR$/helpers/typeshed/third_party/2and3" type="simple" />
          </root>
        </classPath>
        <sourcePath>
          <root type="composite" />
        </sourcePath>
      </roots>
      <additional ASSOCIATED_PROJECT_PATH="C:/MyDev/PyCharmTest3" />
    </jdk>
    <jdk version="2">
      <name value="Python 3.7 (HackerRankPython)" />
      <type value="Python SDK" />
      <version value="Python 3.7.1" />
      <homePath value="C:\MyDev\HackerRankPython\venv\Scripts\python.exe" />
      <roots>
        <classPath>
          <root type="composite">
            <root url="file://$USER_HOME$/AppData/Local/Programs/Python/Python37-32/DLLs" type="simple" />
            <root url="file://$USER_HOME$/AppData/Local/Programs/Python/Python37-32/Lib" type="simple" />
            <root url="file://$USER_HOME$/AppData/Local/Programs/Python/Python37-32" type="simple" />
            <root url="file://C:/MyDev/HackerRankPython/venv" type="simple" />
            <root url="file://C:/MyDev/HackerRankPython/venv/Lib/site-packages" type="simple" />
            <root url="jar://C:/MyDev/HackerRankPython/venv/Lib/site-packages/setuptools-39.1.0-py3.7.egg!/" type="simple" />
            <root url="file://C:/MyDev/HackerRankPython/venv/Lib/site-packages/pip-10.0.1-py3.7.egg" type="simple" />
            <root url="file://$USER_HOME$/.PyCharm2018.3/system/python_stubs/-103275868" type="simple" />
            <root url="file://$APPLICATION_HOME_DIR$/helpers/python-skeletons" type="simple" />
            <root url="file://$APPLICATION_HOME_DIR$/helpers/typeshed/stdlib/3" type="simple" />
            <root url="file://$APPLICATION_HOME_DIR$/helpers/typeshed/stdlib/2and3" type="simple" />
            <root url="file://$APPLICATION_HOME_DIR$/helpers/typeshed/third_party/3" type="simple" />
            <root url="file://$APPLICATION_HOME_DIR$/helpers/typeshed/third_party/2and3" type="simple" />
          </root>
        </classPath>
        <sourcePath>
          <root type="composite" />
        </sourcePath>
      </roots>
      <additional ASSOCIATED_PROJECT_PATH="C:/MyDev/HackerRankPython" />
    </jdk>
    <jdk version="2">
      <name value="Python 3.7 (CodingProblemsPython)" />
      <type value="Python SDK" />
      <version value="Python 3.7.1" />
      <homePath value="C:\MyDev\CodingProblemsPython\venv\Scripts\python.exe" />
      <roots>
        <classPath>
          <root type="composite">
            <root url="file://$USER_HOME$/AppData/Local/Programs/Python/Python37-32/DLLs" type="simple" />
            <root url="file://$USER_HOME$/AppData/Local/Programs/Python/Python37-32/Lib" type="simple" />
            <root url="file://$USER_HOME$/AppData/Local/Programs/Python/Python37-32" type="simple" />
            <root url="file://C:/MyDev/CodingProblemsPython/venv" type="simple" />
            <root url="file://C:/MyDev/CodingProblemsPython/venv/Lib/site-packages" type="simple" />
            <root url="jar://C:/MyDev/CodingProblemsPython/venv/Lib/site-packages/setuptools-39.1.0-py3.7.egg!/" type="simple" />
            <root url="file://C:/MyDev/CodingProblemsPython/venv/Lib/site-packages/pip-10.0.1-py3.7.egg" type="simple" />
            <root url="file://$USER_HOME$/.PyCharm2018.3/system/python_stubs/1116801800" type="simple" />
            <root url="file://$APPLICATION_HOME_DIR$/helpers/python-skeletons" type="simple" />
            <root url="file://$APPLICATION_HOME_DIR$/helpers/typeshed/stdlib/3" type="simple" />
            <root url="file://$APPLICATION_HOME_DIR$/helpers/typeshed/stdlib/2and3" type="simple" />
            <root url="file://$APPLICATION_HOME_DIR$/helpers/typeshed/third_party/3" type="simple" />
            <root url="file://$APPLICATION_HOME_DIR$/helpers/typeshed/third_party/2and3" type="simple" />
          </root>
        </classPath>
        <sourcePath>
          <root type="composite" />
        </sourcePath>
      </roots>
      <additional ASSOCIATED_PROJECT_PATH="C:/MyDev/CodingProblemsPython" />
    </jdk>
  </component>
</application>