<application>
  <component name="PropertiesComponent">
    <property name="CommitChangeListDialog.DETAILS_SPLITTER_PROPORTION_2" value="0.87628865" />
    <property name="CommitChangeListDialog.SPLITTER_PROPORTION_2" value="0.43436754" />
    <property name="ExpandBeforeRunStepsPanel" value="true" />
    <property name="ExpandRunDashboardTypesPanel" value="false" />
    <property name="PyCharm.InitialConfiguration" value="true" />
    <property name="PyCharm.InitialConfiguration.V2" value="true" />
    <property name="PyCharm.InitialConfiguration.V3" value="true" />
    <property name="PyCharm.InitialConfiguration.V4" value="true" />
    <property name="PyCharm.InitialConfiguration.V5" value="true" />
    <property name="PyCharm.InitialConfiguration.V6" value="true" />
    <property name="PyCharm.InitialConfiguration.V7" value="true" />
    <property name="PyCharm.initialConfigurationShown" value="true" />
    <property name="SettingsSearchHistory" value="separater" />
    <property name="com.intellij.history.integration.ui.views.FileHistoryDialog.0" value="300" />
    <property name="com.intellij.history.integration.ui.views.FileHistoryDialog.1" value="800" />
    <property name="evlsprt3.183" value="18" />
    <property name="file.chooser.recent.files" value="C:/MyDev/CodingProblemsPython&#10;C:/MyDev/HackerRankPython&#10;C:/MyDev/PyCharmTest2&#10;C:/MyDev/PyCharmTest&#10;C:/MyDev&#10;C:/Users/shong/Documents/settings.jar" />
    <property name="file.gist.reindex.count" value="3936" />
    <property name="fileTypeChangedCounter" value="1" />
    <property name="lastTip" value="27" />
    <property name="param.hints.settings.last.edited.language" value="JavaScript" />
    <property name="python.app.engine.sdk.path" value="" />
    <property name="ts.lib.d.ts.version" value="3.2.1" />
  </component>
  <component name="PyTestFrameworkService">
    <option name="SDK_TO_PYTEST">
      <map>
        <entry key="C:\MyDev\TempPyProject\venv\Scripts\python.exe" value="false" />
      </map>
    </option>
    <option name="SDK_TO_NOSETEST">
      <map>
        <entry key="C:\MyDev\TempPyProject\venv\Scripts\python.exe" value="false" />
      </map>
    </option>
    <option name="SDK_TO_TRIALTEST">
      <map>
        <entry key="C:\MyDev\TempPyProject\venv\Scripts\python.exe" value="false" />
      </map>
    </option>
  </component>
</application>